{
    "name": "root",
    "gauges": {
        "Alien.Policy.Entropy.mean": {
            "value": 1.4209502935409546,
            "min": 1.418750286102295,
            "max": 1.421823263168335,
            "count": 14
        },
        "Alien.Policy.Entropy.sum": {
            "value": 14181.083984375,
            "min": 14149.24609375,
            "max": 14275.2255859375,
            "count": 14
        },
        "Alien.Step.mean": {
            "value": 139974.0,
            "min": 9956.0,
            "max": 139974.0,
            "count": 14
        },
        "Alien.Step.sum": {
            "value": 139974.0,
            "min": 9956.0,
            "max": 139974.0,
            "count": 14
        },
        "Alien.Policy.ExtrinsicValueEstimate.mean": {
            "value": 18.252492904663086,
            "min": -4.47891092300415,
            "max": 18.252492904663086,
            "count": 14
        },
        "Alien.Policy.ExtrinsicValueEstimate.sum": {
            "value": 3869.5283203125,
            "min": -1007.7549438476562,
            "max": 3880.30810546875,
            "count": 14
        },
        "Alien.Environment.EpisodeLength.mean": {
            "value": 115.04651162790698,
            "min": 88.69369369369369,
            "max": 115.04651162790698,
            "count": 14
        },
        "Alien.Environment.EpisodeLength.sum": {
            "value": 9894.0,
            "min": 9825.0,
            "max": 10047.0,
            "count": 14
        },
        "Alien.Environment.CumulativeReward.mean": {
            "value": 27.084208941303714,
            "min": 18.455333957264017,
            "max": 27.084208941303714,
            "count": 14
        },
        "Alien.Environment.CumulativeReward.sum": {
            "value": 2329.2419689521194,
            "min": 2048.5420692563057,
            "max": 2354.8109863847494,
            "count": 14
        },
        "Alien.Policy.ExtrinsicReward.mean": {
            "value": 27.084208941303714,
            "min": 18.455333957264017,
            "max": 27.084208941303714,
            "count": 14
        },
        "Alien.Policy.ExtrinsicReward.sum": {
            "value": 2329.2419689521194,
            "min": 2048.5420692563057,
            "max": 2354.8109863847494,
            "count": 14
        },
        "Alien.IsTraining.mean": {
            "value": 1.0,
            "min": 1.0,
            "max": 1.0,
            "count": 14
        },
        "Alien.IsTraining.sum": {
            "value": 1.0,
            "min": 1.0,
            "max": 1.0,
            "count": 14
        },
        "Alien.Losses.PolicyLoss.mean": {
            "value": 0.027492106581727665,
            "min": 0.018030171794816852,
            "max": 0.032340477251758176,
            "count": 13
        },
        "Alien.Losses.PolicyLoss.sum": {
            "value": 0.027492106581727665,
            "min": 0.018030171794816852,
            "max": 0.032340477251758176,
            "count": 13
        },
        "Alien.Losses.ValueLoss.mean": {
            "value": 31.726649220784505,
            "min": 15.866137377421062,
            "max": 31.726649220784505,
            "count": 13
        },
        "Alien.Losses.ValueLoss.sum": {
            "value": 31.726649220784505,
            "min": 15.866137377421062,
            "max": 31.726649220784505,
            "count": 13
        },
        "Alien.Policy.LearningRate.mean": {
            "value": 9.969756676749996e-05,
            "min": 9.969756676749996e-05,
            "max": 0.000284577005141,
            "count": 13
        },
        "Alien.Policy.LearningRate.sum": {
            "value": 9.969756676749996e-05,
            "min": 9.969756676749996e-05,
            "max": 0.000284577005141,
            "count": 13
        },
        "Alien.Policy.Epsilon.mean": {
            "value": 0.13323250000000003,
            "min": 0.13323250000000003,
            "max": 0.19485900000000003,
            "count": 13
        },
        "Alien.Policy.Epsilon.sum": {
            "value": 0.13323250000000003,
            "min": 0.13323250000000003,
            "max": 0.19485900000000003,
            "count": 13
        },
        "Alien.Policy.Beta.mean": {
            "value": 0.0016683017500000008,
            "min": 0.0016683017500000008,
            "max": 0.0047434641000000015,
            "count": 13
        },
        "Alien.Policy.Beta.sum": {
            "value": 0.0016683017500000008,
            "min": 0.0016683017500000008,
            "max": 0.0047434641000000015,
            "count": 13
        }
    },
    "metadata": {
        "timer_format_version": "0.1.0",
        "start_time_seconds": "1747305137",
        "python_version": "3.10.1 (tags/v3.10.1:2cd268a, Dec  6 2021, 19:10:37) [MSC v.1929 64 bit (AMD64)]",
        "command_line_arguments": "C:\\Users\\tkdrb\\AppData\\Local\\Programs\\Python\\Python310\\Scripts\\mlagents-learn C:\\WorkSpace\\Unity\\JMT_ProjectSpace\\ml-agents-release_22\\config\\ppo\\Alien.yaml --run-id=Alien --results-dir=C:\\WorkSpace\\Unity\\JMT_ProjectSpace\\ml-agents-release_22\\Result",
        "mlagents_version": "1.1.0",
        "mlagents_envs_version": "1.1.0",
        "communication_protocol_version": "1.5.0",
        "pytorch_version": "2.7.0+cpu",
        "numpy_version": "1.23.5",
        "end_time_seconds": "1747309326"
    },
    "total": 4188.301045600001,
    "count": 1,
    "self": 0.011452700000518234,
    "children": {
        "run_training.setup": {
            "total": 0.08771609999894281,
            "count": 1,
            "self": 0.08771609999894281
        },
        "TrainerController.start_learning": {
            "total": 4188.201876800002,
            "count": 1,
            "self": 2.681019701023615,
            "children": {
                "TrainerController._reset_env": {
                    "total": 30.824581699998816,
                    "count": 1,
                    "self": 30.824581699998816
                },
                "TrainerController.advance": {
                    "total": 4154.287191798976,
                    "count": 148456,
                    "self": 2.2358753987427917,
                    "children": {
                        "env_step": {
                            "total": 4123.552658900349,
                            "count": 148456,
                            "self": 4035.1434851991326,
                            "children": {
                                "SubprocessEnvManager._take_step": {
                                    "total": 86.662991901223,
                                    "count": 148456,
                                    "self": 7.137958700655872,
                                    "children": {
                                        "TorchPolicy.evaluate": {
                                            "total": 79.52503320056712,
                                            "count": 147341,
                                            "self": 79.52503320056712
                                        }
                                    }
                                },
                                "workers": {
                                    "total": 1.746181799993792,
                                    "count": 148455,
                                    "self": 0.0,
                                    "children": {
                                        "worker_root": {
                                            "total": 4033.1378845006802,
                                            "count": 148455,
                                            "is_parallel": true,
                                            "self": 250.26348749886893,
                                            "children": {
                                                "steps_from_proto": {
                                                    "total": 0.00293470000178786,
                                                    "count": 1,